pessoa feliz;predict_arvore;proba_arvore;predict_naive;proba_naive;predict_reg;proba_reg
1;1;0.7777777777777778;0;8.579697129590492e-18;1;0.965139005515178
1;1;0.8461538461538461;0;2.4202476200220007e-19;1;0.8077028538454822
1;1;0.8571428571428571;0;3.2805976518334406e-10;1;0.9999917106735023
1;1;0.8571428571428571;0;8.082139536815717e-12;1;0.9994510586128917
1;1;1.0;1;1.0;1;0.9897124126781754
1;1;1.0;0;3.797471765008447e-17;1;0.9001799296619541
1;1;1.0;0;3.06516669565876e-19;1;0.9390599322733143
1;0;0.5;0;7.157581636489497e-20;1;0.7861139311395847
1;1;0.8571428571428571;0;1.2570383938120372e-17;1;0.8548449545274053
1;0;0.5;0;1.8067856597370697e-17;0;0.3963354626100389
1;1;1.0;0;3.2711606419829412e-12;1;0.9995577886785825
1;1;1.0;0;6.102190899156254e-37;1;0.6218603881730527
1;1;0.8461538461538461;1;1.0;1;0.9942389283933318
1;1;1.0;0;7.116136131490664e-12;1;0.9774343499493728
1;1;0.9;0;3.000655193518013e-18;1;0.8836627983783154
1;1;1.0;1;1.0;1;0.999840264860105
1;1;0.875;0;3.919527969803513e-18;1;0.7454095753816345
0;0;0.2857142857142857;0;2.1582721511366964e-20;0;0.21742755929872432
0;0;0.3333333333333333;0;1.0847836722653193e-17;1;0.985218736714717
0;1;0.9;0;0.0;0;0.043549806253262276
1;1;1.0;0;7.551130793601744e-18;1;0.833744504212454
1;1;1.0;1;1.0;1;0.9977149760111149
1;1;0.9;0;2.9939085674655073e-16;1;0.9628629163639073
0;0;0.3333333333333333;0;1.1857334372838315e-17;1;0.7411259147904049
1;1;0.7777777777777778;1;1.0;1;0.9919227205862595
1;1;0.6666666666666666;0;5.263977572097275e-19;1;0.6353285262878394
0;0;0.3333333333333333;0;5.396326145621524e-18;1;0.8016904178973654
1;1;1.0;0;1.4185861547534591e-12;1;0.995521538428861
1;1;0.8461538461538461;1;1.0;1;0.9981170842417285
0;1;0.8461538461538461;0;2.6508350892410065e-19;1;0.6203094430539997
1;1;0.7777777777777778;0;1.8347292718319832e-20;1;0.5611035155703546
1;1;0.8461538461538461;1;1.0;1;0.9953890492999921
1;1;0.7777777777777778;1;1.0;1;0.932867540001323
0;0;0.5;0;2.1784594924285247e-24;0;0.31859200649033215
1;1;1.0;0;1.4991627633221899e-12;1;0.9868972828274291
0;1;0.5714285714285714;0;2.796661557524933e-18;1;0.6337457626606708
1;1;1.0;0;2.0454017979823863e-10;1;0.9989356796640686
1;1;0.7777777777777778;0;1.2954058461987031e-27;1;0.8237613112331268
1;1;1.0;0;8.641368305553138e-17;1;0.9565809391575841
1;1;0.8571428571428571;0;6.669538541481252e-06;1;0.9999431364285779
0;0;0.3333333333333333;0;4.9384886361934225e-20;1;0.5181453070455968
1;1;1.0;0;1.5141701458157912e-12;1;0.9977768233109803
0;0;0.5;0;1.413977799905219e-19;0;0.2912333918542966
0;1;0.6666666666666666;0;1.0697362477648855e-18;1;0.5435919830335791
1;1;0.9;1;1.0;1;0.8965159202686764
1;1;1.0;0;2.186997539580216e-20;1;0.7941174158437644
1;1;1.0;0;8.37282310684772e-09;1;0.9996256926749659
0;1;0.875;0;4.027251568785077e-16;1;0.7362799407459137
1;1;1.0;0;5.171547061508311e-10;1;0.9997189389515287
1;1;0.8571428571428571;0;1.2570383938120372e-17;1;0.8548449545274053
0;0;0.5;0;2.3586670759565533e-28;0;0.31449698659371866
1;1;0.8461538461538461;0;5.771376059050815e-20;1;0.7076945823879225
0;0;0.2857142857142857;0;3.5804244851335283e-20;1;0.5714811932179686
1;1;0.8571428571428571;0;1.6228945721439496e-15;1;0.880849400830405
1;1;0.9;1;1.0;1;0.9922822811854578
1;1;0.9;0;1.475378309921778e-17;1;0.7335264128340823
1;0;0.2857142857142857;0;8.339803775841062e-20;0;0.29316011385892154
0;1;0.9;0;6.3336068962596044e-18;1;0.70251890233813
1;1;0.9;1;1.0;1;0.9978560155960206
0;1;0.8571428571428571;0;6.50055207540062e-20;0;0.46019577992811084
1;1;0.9;0;1.0324568065247283e-17;1;0.9231978023800266
1;1;0.8461538461538461;1;1.0;1;0.989395741465003
1;1;1.0;1;1.0;1;0.9999705800332467
1;1;0.8461538461538461;0;1.0019140727424402e-19;1;0.6154192746519227
1;0;0.5;0;2.484552500050905e-16;1;0.9080086096976724
1;1;1.0;0;6.277340070637196e-16;1;0.919697718814832
0;0;0.2857142857142857;0;3.868813657967529e-20;0;0.17847233751967811
1;1;0.9;0;2.2601572766959383e-20;1;0.8307580482041722
1;1;1.0;0;2.3770808165331678e-11;1;0.999985140245728
1;1;0.9;0;4.468027954253244e-16;1;0.8881103720602732
1;1;1.0;1;1.0;1;0.983541901046735
0;0;0.5;0;6.95678952427382e-16;1;0.7730078051493856
1;1;0.8461538461538461;0;5.873386355313426e-20;1;0.5879197636454045
1;1;1.0;0;1.2426050195225696e-17;1;0.9442668015244897
0;0;0.3333333333333333;0;3.209581776020251e-50;0;0.018671996421839487
1;1;0.9;0;7.678551852143215e-19;1;0.9872173279014356
1;1;1.0;0;1.3484515262624933e-19;1;0.9671341481334477
1;1;0.875;0;1.6278807562439923e-11;1;0.9836590779431629
1;1;0.8461538461538461;0;8.52199444508546e-22;1;0.6600568163552514
1;1;1.0;0;6.958668861966725e-19;1;0.9655811143612962
1;1;1.0;0;1.1322728626555536e-19;1;0.8031587044281091
1;1;1.0;0;2.4220325504478508e-18;1;0.9777054720357103
1;1;1.0;0;8.451708240106749e-20;1;0.9647282553503729
1;1;1.0;0;1.1398539216274866e-15;1;0.9418125575057849
1;1;1.0;0;7.094092752375303e-20;1;0.9863685294696687
1;1;1.0;1;1.0;1;0.9999977016635765
1;1;0.5714285714285714;0;4.1735627041246027e-19;0;0.4778054886884079
1;1;1.0;1;1.0;1;0.9994671304855655
0;1;0.6666666666666666;0;3.759247336790076e-17;1;0.8337635156022639
1;1;0.875;0;1.2000527398454295e-11;1;0.9669042165932064
1;1;1.0;0;2.9611433091408614e-14;1;0.9853432708807587
1;1;1.0;1;1.0;1;0.9884332975780019
1;1;0.5714285714285714;0;2.683279244893968e-20;1;0.8108821130943273
1;0;0.5;0;7.261440636906954e-17;1;0.7967763368797655
1;1;1.0;0;2.1063727782091264e-26;1;0.8946759063982089
1;1;0.6666666666666666;0;3.494886030962024e-17;1;0.8579817360256186
1;1;1.0;0;2.2132997647704938e-12;1;0.9989275773783636
1;1;0.875;0;1.6794554144209723e-17;0;0.46834028777691206
1;1;0.5714285714285714;0;4.405439064232948e-20;1;0.7063813291236186
1;1;0.8571428571428571;0;4.434224043459805e-11;1;0.9998440969161535
1;1;1.0;1;1.0;1;0.9999023202143739
1;1;0.8571428571428571;0;4.952434532419645e-19;1;0.5404814487902158
0;0;0.5;0;1.4748493217827976e-21;0;0.45098577185242694
1;1;1.0;0;4.682697588637633e-12;1;0.9995122385887927
0;1;0.8571428571428571;0;0.0;0;0.10713291288030648
1;1;1.0;1;1.0;1;0.9995108511105962
1;1;1.0;0;1.5332196726931834e-17;1;0.9209172394972265
1;1;1.0;1;1.0;1;0.9883524823790741
1;1;1.0;1;1.0;1;0.9999976575006687
1;1;1.0;0;1.3758049812883688e-09;1;0.9998425376809907
1;0;0.5;0;3.3857907820018273e-22;1;0.6224501494503135
1;1;0.9;0;1.2877943437762957e-17;1;0.8812119452696456
0;0;0.3333333333333333;0;7.585275843068025e-43;0;0.2860454166734327
1;1;1.0;0;1.4167790715913566e-15;1;0.9803944074826852
1;1;0.6666666666666666;0;8.626338863521541e-20;1;0.9008093204822173
1;1;1.0;1;1.0;1;0.9956199651436308
1;1;0.9;1;1.0;1;0.99941468430271
1;1;0.9;0;1.4862784974949869e-18;1;0.9442169732685839
1;1;1.0;0;0.0001438249348897416;1;0.999989657830002
1;1;1.0;0;5.4767194565524435e-11;1;0.9995723217770275
1;0;0.3333333333333333;0;8.55890540751584e-19;1;0.7863130328121355
1;1;1.0;0;7.126006428534383e-20;1;0.9336511732465586
1;1;0.6666666666666666;0;1.5646028150867166e-19;0;0.46353254495305873
1;1;0.8571428571428571;0;0.00023657268421899851;1;0.9999922466895087
1;1;1.0;0;1.7121558990511173e-12;1;0.9112192141313528
1;1;0.5714285714285714;0;4.877632571754484e-17;1;0.9435462241092246
1;1;1.0;0;1.266659936192206e-09;1;0.9993406339210273
1;0;0.2857142857142857;0;4.642549758422656e-18;1;0.742859868523585
1;1;1.0;0;9.38710161066927e-18;1;0.8803694903002495
1;1;0.7777777777777778;0;6.876031099129568e-16;1;0.888760769616145
1;1;0.8571428571428571;0;7.72732955508486e-12;1;0.999460891147199
1;1;1.0;1;1.0;1;0.999996142274147
1;0;0.3333333333333333;0;4.301973226831618e-20;1;0.7475573161697073
1;1;0.6666666666666666;0;5.993053004849664e-20;1;0.6970680266416184
1;1;0.9;1;1.0;1;0.9984284525240292
1;0;0.3333333333333333;0;1.8088835900572754e-18;1;0.6992573223143468
1;1;1.0;0;4.056165608861599e-18;1;0.7560664044645311
1;1;1.0;0;1.437160225266655e-40;1;0.694751900051187
0;1;0.7777777777777778;0;8.392132740910336e-21;0;0.2096932073736363
1;1;1.0;0;6.1507289681365894e-12;1;0.9984704524489548
1;1;1.0;1;1.0;1;0.9999961810576008
0;1;0.7777777777777778;0;1.5602783072554143e-18;1;0.9112686733538332
1;1;0.875;0;6.191840211765589e-17;1;0.9365693690366501
1;1;1.0;0;3.394823278593553e-12;1;0.9937689012354228
1;0;0.5;0;2.6461467633703704e-18;1;0.7785768909628327
1;1;1.0;1;1.0;1;0.9999060642805188
1;1;1.0;0;1.243530332576414e-10;1;0.9998850095862274
0;1;0.6666666666666666;0;7.035142174180125e-19;1;0.8552181481887738
1;1;0.6666666666666666;1;1.0;1;0.9973831957455048
0;1;0.5714285714285714;0;3.5569920810116676e-14;1;0.8779725213891951
1;1;0.7777777777777778;1;1.0;1;0.9978344582343915
1;1;0.875;0;4.42733983923697e-11;1;0.898101324301338
1;1;0.8461538461538461;1;1.0;1;0.9965349181440387
1;1;1.0;0;3.958758296220189e-20;1;0.7707413609000546
0;1;0.6666666666666666;0;3.610675722615085e-19;1;0.8171369893004495
1;1;0.6666666666666666;0;5.811691907451614e-20;1;0.5469964987927735
1;1;1.0;0;1.0363288219837221e-10;1;0.9997652367322256
1;1;1.0;0;2.1138382286011023e-10;1;0.9936636940294015
1;1;0.6666666666666666;0;4.0077695314292894e-17;1;0.7128884702495826
1;1;1.0;0;2.0074836659488806e-10;1;0.9997722763250183
1;1;0.9;0;2.0961876944304141e-19;1;0.5460257284159339
0;1;0.5714285714285714;0;1.1433905905397453e-49;0;0.00018912760735669587
1;1;0.9;0;1.1109744404408882e-15;1;0.9016858117985713
1;1;0.9;1;1.0;1;0.9983065453879065
0;1;0.8461538461538461;0;1.6980423788279818e-22;0;0.45158560172331075
1;1;1.0;0;6.356288083053493e-12;1;0.9978943282026171
0;0;0.3333333333333333;0;8.300481108596933e-17;1;0.8496292347735814
1;1;0.8461538461538461;0;5.2711571649863786e-20;1;0.5492397558662934
1;1;1.0;0;8.381693288649828e-18;0;0.4995217347373054
1;1;0.875;0;2.1794088891283253e-12;1;0.9440546272297686
1;1;1.0;0;8.587498458921619e-10;1;0.9999419619014459
1;0;0.3333333333333333;1;1.0;1;0.9908856513347409
1;1;0.9;0;2.3583820089841384e-19;0;0.26535949475799586
1;1;0.8571428571428571;1;1.0;1;0.9872694449253733
1;1;1.0;0;5.768726256098748e-18;1;0.6149421552991529
0;0;0.2857142857142857;0;3.6021780618742635e-21;0;0.44092457034904525
0;0;0.3333333333333333;0;4.941570142335046e-20;0;0.36197993313831883
1;1;0.8571428571428571;0;7.470530631196474e-13;1;0.9977926213562741
1;1;1.0;1;1.0;1;0.9982050147373174
0;0;0.2857142857142857;0;3.394326833988291e-20;0;0.4888436119786845
0;0;0.5;0;8.266187540774825e-18;1;0.5386996009727174
1;1;1.0;0;1.8281577547221472e-13;1;0.9999336109902714
